{
	"info": {
		"_postman_id": "9eb2d289-b2fd-4383-8507-a66312d2a432",
		"name": "bootcamp",
		"schema": "https://schema.getpostman.com/json/collection/v2.1.0/collection.json",
		"_exporter_id": "1793113"
	},
	"item": [
		{
			"name": "Create Tutorials",
			"event": [
				{
					"listen": "test",
					"script": {
						"exec": [
							"pm.test(\"Status code is 201\", function () {\r",
							"    pm.response.to.have.status(201);\r",
							"});\r",
							"\r",
							"pm.test(\"Response time is less than 1002ms\", function () {\r",
							"    pm.expect(pm.response.responseTime).to.be.below(1500);\r",
							"});\r",
							"\r",
							"\r",
							"var contract = {\r",
							"    \"type\": \"object\",\r",
							"    \"properties\": {\r",
							"            \"id\": { \"type\": \"integer\" },\r",
							"            \"title\": { \"type\": \"string\" },\r",
							"            \"description\": { \"type\": \"string\" },\r",
							"            \"published\": { \"type\": \"boolean\" },\r",
							"        }\r",
							"    }\r",
							"\r",
							"pm.test('Check that the contract is valid', function () {\r",
							"    var jsonData = pm.response.json();\r",
							"    pm.expect(tv4.validate(jsonData, contract)).to.be.true;\r",
							"});\r",
							"\r",
							"pm.test(\"Check that the oject contains de test data\", function () {\r",
							"        var jsonData = pm.response.json();\r",
							"        pm.expect(jsonData.title).to.eql(\"api-test\");\r",
							"        pm.expect(jsonData.description).to.eql(\"api-test\");\r",
							"});\r",
							"\r",
							"\r",
							""
						],
						"type": "text/javascript"
					}
				}
			],
			"request": {
				"method": "POST",
				"header": [
					{
						"key": "Content-Type",
						"value": "application/json",
						"type": "text"
					}
				],
				"body": {
					"mode": "raw",
					"raw": "{\r\n    \"title\": \"api-test\",\r\n    \"description\": \"api-test\",\r\n    \"published\": true\r\n}"
				},
				"url": {
					"raw": "http://192.168.88.222:8080/api/tutorials",
					"protocol": "http",
					"host": [
						"192.168",
						"88",
						"222"
					],
					"port" : 8080, 
					"path": [
						"api",
						"tutorials"
					]
				}
			},
			"response": []
		}
	]
}